<?xml version="1.0" encoding="UTF-8"?>
<project-private xmlns="http://www.netbeans.org/ns/project-private/1">
    <editor-bookmarks xmlns="http://www.netbeans.org/ns/editor-bookmarks/2" lastBookmarkId="0"/>
    <open-files xmlns="http://www.netbeans.org/ns/projectui-open-files/2">
        <group>
            <file>file:/C:/Users/Roman/Disk%20Google/IJA/Projekt/Klondike/src/graphics/StackPanel.java</file>
            <file>file:/C:/Users/Roman/Disk%20Google/IJA/Projekt/Klondike/src/frames/OneGame.java</file>
            <file>file:/C:/Users/Roman/Disk%20Google/IJA/Projekt/Klondike/src/graphics/WastedPanel.java</file>
            <file>file:/C:/Users/Roman/Disk%20Google/IJA/Projekt/Klondike/src/graphics/CardPanel.java</file>
            <file>file:/C:/Users/Roman/Disk%20Google/IJA/Projekt/Klondike/test/tests/HomeWork2Test.java</file>
        </group>
    </open-files>
</project-private>
